{
  "latency": 2.685001162348452,
  "loss": -1.2428756692947054,
  "error": -20,
  "load": -1,
  "queue": 4.268053595980792,
  "cpu": -0.31686060599229743,
  "memory": -1,
  "bias": 6.390171740474697
}