{
  "latency": -0.9670894390293883,
  "loss": 0.20279287652688074,
  "error": -19.99542365347873,
  "load": -0.22957061302771503,
  "queue": -0.08798356796884282,
  "cpu": -0.20843381691139942,
  "memory": -1,
  "bias": 9.952305809715082
}